product_id,id_web,price,total_sales,post_title,ca_par_bouteille
3847,15298,24.2,6,Pierre Jean Villa Saint-Joseph Préface 2018,145.2
3849,15296,34.3,0,Pierre Jean Villa Saint-Joseph Rouge Tildé 2017,0.0
3850,15300,20.8,0,Pierre Jean Villa Crozes-Hermitage Accroche Coeur 2018,0.0
4032,19814,14.1,3,Pierre Jean Villa IGP Collines Rhodaniennes Gamine 2018,42.3
4039,19815,46.0,0,Pierre Jean Villa Côte Rôtie Carmina 2017,0.0
4040,15303,34.3,0,Pierre Jean Villa Saint-Joseph Saut De l'Ange 2018,0.0
4041,14975,32.7,0,Pierre Gaillard Condrieu 2018,0.0
4042,16042,31.2,7,Pierre Gaillard Cornas 2017,218.4
4043,14980,60.0,3,Pierre Gaillard Côte Rôtie Esprit de Blonde 2017,180.0
4045,16041,42.6,14,Pierre Gaillard Côte Rôtie 2018,596.4
4046,15269,80.0,6,Pierre Gaillard Côte Rôtie Rose Pourpre 2017,480.0
4047,14977,18.3,0,Pierre Gaillard Côtes-du-Rhône Blanc Les Gendrines 2018,0.0
4048,16044,22.8,7,Pierre Gaillard Saint-Joseph Rouge Clos de Cuminaille 2018,159.6
4049,16043,19.3,1,Pierre Gaillard Saint-Joseph Rouge 2018,19.3
4050,16449,21.8,6,Pierre Gaillard Saint-Joseph Blanc 2019,130.8
4051,16045,7.7,6,Jeanne Gaillard IGP Collines Rhodaniennes Syrah Terre de Mandrin 2018,46.2
4052,16030,33.7,6,Clos du Mont-Olivet Châteauneuf-du-Pape Blanc 2019,202.2
4053,13127,44.3,23,Clos du Mont-Olivet Châteauneuf-du-Pape 2012,1018.9
4054,19816,71.6,10,Clos du Mont-Olivet Châteauneuf-du-Pape Cuvée du Papet 2018,716.0
4056,16029,12.7,10,Clos du Mont-Olivet Côtes-du-Rhône Vieilles Vignes 2018,127.0
4057,16039,8.7,18,Mourgues du Grès Costières de Nîmes Galets Dorés 2019,156.6
4058,16318,8.7,11,Mourgues du Grès Costières de Nîmes Galets Rouges 2019,95.7
4059,16275,8.7,7,Mourgues du Grès Costières de Nîmes Galets Rosés 2019,60.9
4060,16498,11.9,9,Mourgues du Grès Costières de Nîmes Terre d'Argence 2017,107.1
4062,16320,11.9,3,Mourgues du Grès IGP Pont du Gard Terre d'Argence 2018,35.7
4063,16319,14.5,3,Mourgues du Grès Costières de Nîmes Terre de Feu 2017,43.5
4064,15966,14.4,3,Oratoire Saint Martin Cairanne Rouge Réserve des Seigneurs 2017,43.2
4065,15022,19.5,0,Oratoire Saint Martin Cairanne Rouge Les Douyes 2016,0.0
4066,15967,20.8,20,Oratoire Saint Martin Cairanne Rouge Haut Coustias 2016,416.0
4067,15490,22.0,19,Gilles Robin Crozes-Hermitage Rouge Albéric 2017,418.0
4068,16416,16.6,62,Gilles Robin Crozes-Hermitage Rouge Papillon 2019,1029.2
4069,11862,60.0,0,Gilles Robin Hermitage Rouge 2012,0.0
4070,15444,23.4,7,Gilles Robin Crozes-Hermitage Blanc Les Marelles 2018,163.8
4071,15953,33.2,19,Château de Vaudieu Châteauneuf-du-Pape Rouge 2015,630.8
4072,12045,32.0,1,Château de Vaudieu Châteauneuf-du-Pape Blanc 2015,32.0
4073,13074,77.8,0,Château de Vaudieu Châteauneuf-du-Pape L'Avenue 2015,0.0
4074,15941,12.7,4,Domaine de la Jérôme Côtes du Rhône Village 201,50.8
4075,16069,14.7,0,Plateau des Chênes Lirac 2015,0.0
4076,13072,14.05,4,Plateau des Chênes Lirac 2016,56.2
4077,15440,22.9,0,Domaine des Bosquets Gigondas 2016,0.0
4078,13435,44.0,10,Domaine des Bosquets Gigondas La Colline 2015,440.0
4079,13078,37.0,0,Le Vieux Donjon Châteauneuf-du-Pape 2013,0.0
4081,13117,39.0,4,Le Vieux Donjon Châteauneuf-du-Pape 2016,156.0
4083,16296,17.0,0,"Rimauresq Côtes de Provence Blanc Cru Classé ""R"" 2019",0.0
4084,16014,23.2,0,"Rimauresq Côtes de Provence Rouge Cru Classé ""R"" 2017",0.0
4085,16462,19.0,7,Rimauresq Côtes de Provence Rouge Cru Classé 2017,133.0
4086,16013,16.4,4,Rimauresq Côtes de Provence Blanc Cru Classé 2019,65.6
4087,16180,14.4,18,Rimauresq Côtes de Provence Cru Classé Rosé 2019,259.2
4094,15676,13.7,0,Paul Ginglinger Gewurztraminer Wahlenbourg 2017,0.0
4095,16120,12.6,4,Paul Ginglinger Muscat Caroline 2018,50.4
4096,15564,22.8,0,Paul Ginglinger Pinot Gris Grand Cru Eichberg 2015,0.0
4097,15675,12.8,1,Paul Ginglinger Pinot Gris Les Prelats 2018,12.8
4098,15378,22.1,1,Paul Ginglinger Pinot Noir Les Rocailles 2016,22.1
4099,15813,12.8,0,Paul Ginglinger Riesling Drei Exa 2018,0.0
4100,13416,15.8,0,Emile Boeckel Gewurztraminer Grand Cru Zotzenberg 2016,0.0
4101,14905,15.8,0,Emile Boeckel Pinot Gris Grand Cru Zotzenberg 2016,0.0
4102,15767,16.3,1,Emile Boeckel Sylvaner Grand Cru Zotzenberg 2017,16.3
4103,16505,16.3,12,Emile Boeckel Riesling Grand Cru Wiebelsberg 2016,195.6
4104,15683,9.7,12,Emile Boeckel Riesling Brandluft 2018,116.4
4105,16504,6.8,5,Emile Boeckel Sylvaner Vieilles Vignes 2019,34.0
4106,15787,12.6,6,Emile Boeckel Pinot Noir Barriques Oberpfoeller 2018,75.6
4107,14800,35.0,0,Emile Boeckel Pinot Noir Terres Rouges 2016,0.0
4108,15353,31.7,2,Zind-Humbrecht Riesling Herrenweg de Turckheim 2017,63.4
4115,15382,100.0,0,Zind-Humbrecht Riesling Grand Cru Rangen De Thann Clos Saint-Urbain 2017,0.0
4130,15339,23.0,0,Zind-Humbrecht Pinot Gris Roche Calcaire 2017,0.0
4132,11668,88.4,0,Zind-Humbrecht Pinot Gris Grand Cru Rangen De Thann Clos Saint-Urbain 2012,0.0
4137,13209,29.8,0,Zind-Humbrecht Muscat Grand Cru Goldert 2015,0.0
4138,15341,25.7,6,Zind-Humbrecht Zind 2017,154.2
4139,13217,77.4,0,Zind-Humbrecht Gewurztraminer Grand Cru Rangen De Thann Clos Saint-Urbain 2013,0.0
4141,304,39.0,40,Champagne Gosset Grande Réserve,1560.0
4142,11641,53.0,30,Champagne Gosset Grand Millésime 2006,1590.0
4144,1662,49.0,87,Champagne Gosset Grand Rosé,4263.0
4146,1360,29.5,0,Champagne Mailly Grand Cru Brut Réserve,0.0
4147,15648,33.0,3,Champagne Mailly Grand Cru Extra Brut Millésimé 2012,99.0
4148,1364,37.5,0,Champagne Mailly Grand Cru Brut Rosé,0.0
4149,7086,69.0,0,Champagne Mailly Grand Cru Intemporelle Rosé 2009,0.0
4150,1366,59.0,1,Champagne Mailly Grand Cru Intemporelle 2010,59.0
4151,15140,13.7,12,Elian Daros Côtes du Marmandais Abouriou 2016,164.4
4152,16238,19.2,7,Elian Daros Côtes du Marmandais Chante Coucou 2016,134.4
4153,16237,29.0,36,Elian Daros Côtes du Marmandais Clos Baquey 2015,1044.0
4154,15141,9.8,18,Elian Daros Côtes du Marmandais Le Vin Est Une Fête 2017,176.4
4155,14944,14.5,3,Elian Daros Côtes du Marmandais Le Vignoble d'Elian 2016,43.5
4156,14941,20.35,6,Elian Daros Côtes du Marmandais Coucou Blanc 2016,122.1
4157,14751,12.0,0,Planeta Sicilia Alastro 2017,0.0
4158,16093,18.5,0,Planeta Sicilia Etna Rosso 2018,0.0
4159,15668,9.3,3,Planeta Sicilia La Segreta Bianco 2017,27.9
4160,15373,9.3,7,Planeta Sicilia La Segreta Rosso 2017,65.1
4161,15375,11.6,0,Planeta Sicilia Plumbago 2017,0.0
4162,14474,14.3,1,Domino Romano Ribera Del Duero Camino Romano 2016,14.3
4163,15482,10.8,3,Parés Baltà Penedès Calcari 2018,32.4
4164,13453,7.6,20,Parés Baltà Penedès Mas Petit 2015,152.0
4165,15075,12.0,3,Parés Baltà Penedès Indigena 2017,36.0
4166,16124,20.5,6,Ollieux Romanis Corbières Boutenac Atal Sia 2017,123.0
4167,15785,14.3,3,Ollieux Romanis Corbières Rouge Cuvée Prestige 2017,42.9
4168,15784,18.2,12,Ollieux Romanis Corbières Blanc Cuvée Prestige 2018,218.4
4170,15786,9.0,4,Ollieux Romanis Corbières Classique 2018,36.0
4171,14332,7.8,1,Le Hameau Des Ollieux Monsieur Pinot 2017,7.8
4172,16210,5.7,43,Maurel Pays d'Oc Chardonnay 2019,245.1
4173,16211,5.7,13,Maurel Pays d'Oc Chenin-Colombard 2019,74.1
4174,16209,5.7,6,Maurel Cabardès Tradition 2017,34.2
4176,15629,13.5,9,Domaine de l'Hortus Pic Saint-Loup La Bergerie Rouge 2018,121.5
4177,15583,13.5,0,Domaine de l'Hortus Val de Montferrand La Bergerie Blanc 2018,0.0
4178,16160,11.5,17,Domaine de l'Hortus Pic Saint-Loup La Bergerie Rosé 2019,195.5
4179,16166,24.0,7,Domaine de l'Hortus Pic Saint-Loup La Grande Cuvée 2018,168.0
4180,15783,24.0,0,Domaine de l'Hortus Val de Montferrand La Grande Cuvée Blanc 2018,0.0
4181,16560,11.9,9,Borie La Vitarèle Saint-Chinian Les Terres Blanches 2019,107.1
4182,15747,16.7,3,Borie La Vitarèle Saint-Chinian Les Schistes 2017,50.1
4183,15746,21.4,0,Borie La Vitarèle Saint-Chinian Les Crès 2016,0.0
4186,16190,16.6,1,Le Pas de l'Escalette Terrasses du Larzac Les Clapas Rouge 2018,16.6
4187,16189,13.3,42,Le Pas de l'Escalette Languedoc Les Petits Pas 2019,558.6
4188,16265,9.5,8,Château de La Liquière Languedoc Blanc Les Amandiers 2019,76.0
4190,16191,12.1,5,Le Pas de l'Escalette Coteaux du Languedoc Ze Rozé 2019,60.5
4191,16263,9.3,12,Château de La Liquière Faugères Les Amandiers Rouge 2019,111.6
4192,15605,17.8,5,Château de La Liquière Faugères Cistus Rouge 2017,89.0
4193,16529,13.5,8,Château de La Liquière Faugères Cistus Blanc 2019,108.0
4194,15441,10.8,9,Château de La Liquière Faugères 2017,97.2
4196,13032,27.2,2,Château de La Liquière Faugères Tucade 2015,54.4
4197,16256,9.4,8,Château de La Liquière Faugères Les Amandiers Rosé 2019,75.2
4198,16322,5.8,0,Moulin de Gassac IGP Pays d'Hérault Guilhem Rouge 2019,0.0
4200,16295,5.8,46,Moulin de Gassac IGP Pays d'Hérault Guilhem Rosé 2019,266.8
4201,15656,38.0,0,Mas de Daumas Gassac IGP Saint-Guilhem-le-Désert 2018,0.0
4202,15655,38.0,0,Mas de Daumas Gassac IGP Saint-Guilhem-le-Désert Blanc 2019,0.0
4203,15415,9.9,6,Mas Laval IGP Pays d'Hérault Les Pampres Blancs 2018,59.4
4204,15414,11.3,3,Mas Laval IGP Pays d'Hérault Les Pampres Rouges 2017,33.9
4205,15413,23.0,12,Mas Laval Terrasses du Larzac La Grande Cuvée 2016,276.0
4207,16023,6.7,5,Domaine Montrose Côtes de Thongue Rouge 2018,33.5
4208,16024,7.6,16,Domaine Montrose Côtes de Thongue Rosé 2019,121.6
4210,15720,79.8,0,Lucien Boillot Nuits-Saint-Georges 1er Cru Les Pruliers 2017,0.0
4211,15714,48.5,1,Lucien Boillot Pommard 2017,48.5
4212,15717,39.8,2,Lucien Boillot Volnay 2017,79.6
4213,15718,58.8,0,Lucien Boillot Volnay 1er Cru Les Angles 2017,0.0
4215,15480,26.5,0,Marc Colin Et Fils Saint-Aubin Blanc Luce 2017,0.0
4216,15213,13.4,1,Domaine de l'Ecu Muscadet Classic 2018,13.4
4217,15672,17.1,0,Domaine de l'Ecu Muscadet Granite 2018,0.0
4219,12599,16.7,1,Domaine de l'Ecu Muscadet Orthogneiss 2014,16.7
4220,15758,11.6,12,Xavier Frissant Touraine Amboise Chenin Les Pierres 2018,139.2
4221,15829,12.8,15,Xavier Frissant Touraine Les Roses du Clos 2018,192.0
4222,15759,8.9,4,Xavier Frissant Touraine Amboise M de La Touche 2016,35.6
4223,16585,9.7,3,Xavier Frissant Touraine Sauvignon 2019,29.1
4224,15306,17.2,2,Pierre Martin Sancerre Chavignol Rouge 2017,34.4
4225,16497,16.9,13,Pierre Martin Sancerre Chavignol Blanc 2019,219.7
4227,15261,12.6,6,La Cotelleraie Saint-Nicolas-de-Bourgueil La Croisée 2018,75.6
4228,12657,29.9,0,Domaine de Bellivière Jasnières Les Rosiers 2015,0.0
4229,15403,9.6,0,Mérieau Touraine L'Arpent des Vaudons 2018,0.0
4231,15461,11.1,1,Argentine Mendoza Alamos Malbec 2018,11.1
4232,16269,11.1,2,Argentine Mendoza Alamos Chardonnay 2019,22.2
4235,13905,17.1,1,Maroc Graillot/Thaleb Tandem Syrah 2015,17.1
4239,16567,28.0,0,Domaine Augustin Collioure Blanc Adéodat 2019,0.0
4240,15436,28.0,0,Domaine Augustin Collioure Rouge Adéodat 2017,0.0
4241,14725,8.9,1,Parcé Frères IGP Côtes Catalanes Hommage à Fernand Blanc 2019,8.9
4242,15310,8.6,14,Parcé Frères Côtes du Roussillon Villages Zoé Rouge 2018,120.4
4244,15770,13.5,5,La Préceptorie Côtes du Roussillon Coume Marie 2018,67.5
4245,16097,8.9,1,Parcé Frères IGP Pays d'Oc Zoé Viognier 2019,8.9
4246,15428,15.3,7,Domaine Saint-Denis Mâcon Lugny 2017,107.1
4248,15033,14.8,12,Domaine Saint-Denis Mâcon Chardonnay 2017,177.6
4250,16317,19.5,30,Domaine Saint-Denis Bourgogne Rouge Clos de la Coque 2018,585.0
4251,15032,14.1,8,Domaine Saint-Denis Bourgogne Rouge Le Clos 2017,112.8
4253,6616,59.6,0,Domaine Huet Vouvray Le Clos du Bourg Moelleux Première Trie 2008,0.0
4254,12203,26.9,0,Domaine Huet Vouvray Haut-Lieu Demi-Sec 2015,0.0
4256,14253,24.4,0,Domaine Huet Vouvray Haut-Lieu Sec 2017,0.0
4257,12476,31.7,0,Domaine Huet Vouvray Le Mont Moelleux 2015,0.0
4258,14485,32.1,5,Domaine Huet Vouvray Le Mont Sec 2017,160.5
4260,14945,12.2,2,Chermette Domaine du Vissoux Beaujolais Blanc Collonge 2017,24.4
4261,15662,9.9,1,Chermette Domaine du Vissoux Beaujolais Griottes 2018,9.9
4262,15663,15.8,3,Chermette Domaine du Vissoux Brouilly Pierreux 2018,47.4
4263,15664,15.8,0,Chermette Domaine du Vissoux Fleurie Poncié 2018,0.0
4264,15665,17.8,2,Chermette Domaine du Vissoux Moulin à Vent Les Trois Roches 2018,35.6
4265,15136,9.6,3,Domaine Bulliat Beaujolais Villages Bibine 2018,28.8
4267,16537,19.0,2,Domaine Bulliat Morgon Amphore Cou de Jus 2019,38.0
4268,16307,15.2,1,Domaine Bulliat Morgon Le Colombier 2019,15.2
4269,16244,10.2,0,Domaine Sérol Côte Roannaise Les Originelles 2019,0.0
4270,15839,15.5,4,Domaine Sérol Côte Roannaise Les Millerands 2018,62.0
4271,13460,16.6,0,Domaine Sérol Côte Roannaise Perdrizière 2016,0.0
4272,13089,9.2,1,Domaine Sérol Côte Roannaise Rosé Cabochard 2016,9.2
4274,12942,12.9,0,Domaine Sérol Vin Mousseux Rosé Turbullent Méthode Ancestrale,0.0
4275,14864,14.9,12,I Fabbri Chianti Classico Lamole 2017,178.8
4276,14527,17.6,0,I Fabbri Chianti Classico Terra Di Lamole 2015,0.0
4277,14865,24.8,3,I Fabbri Chianti Classico Riserva 2015,74.4
4280,15690,18.9,0,Château de Cazeneuve Languedoc Blanc 2016,0.0
4281,16330,11.6,0,Château de Cazeneuve Val de Montferrand Rouge Caza Sorix 2019,0.0
4283,16154,27.0,4,Château de Cazeneuve Pic Saint-Loup Le Roc Des Mates 2017,108.0
4285,16153,41.0,8,Château de Cazeneuve Pic Saint-Loup Le Sang Du Calvaire 2017,328.0
4286,16066,69.8,10,Domaine Hauvette Les Baux de Provence Amethyste 2017,698.0
4287,16065,38.6,1,Domaine Hauvette Les Baux de Provence Cornaline 2014,38.6
4288,15292,26.7,1,Domaine Hauvette IGP Alpilles Jaspe 2017,26.7
4297,16246,19.0,0,Domaine de La Tour Du Bon Bandol Blanc 2019,0.0
4298,16501,23.2,1,Domaine de La Tour Du Bon Bandol Rouge 2018,23.2
4299,16578,39.1,0,Domaine de La Tour Du Bon Bandol Rouge Saint Ferréol 2018,0.0
4300,15567,44.0,1,Domaine de La Tour Du Bon Bandol Rouge En Sol 2017,44.0
4301,16553,17.5,3,Domaine de La Tour Du Bon Bandol Rosé 2019,52.5
4303,13172,30.0,0,Rimauresq Côtes de Provence Rouge Cru Classé Quintessence 2015,0.0
4304,15120,8.1,0,Domaine de l'Idylle Savoie Cruet 2018,0.0
4306,15949,10.7,1,Domaine de l'Idylle Roussette de Savoie Anne de Chypre 2018,10.7
4307,15946,10.9,0,Domaine de l'Idylle Savoie Mondeuse Le Tithonien 2018,0.0
4334,7818,49.0,96,Champagne Gosset Grand Blanc de Blancs,4704.0
4336,13599,35.5,1,Champagne Mailly Grand Cru Blanc de Pinot Noir,35.5
4337,4679,83.0,0,Champagne Mailly Grand Cru Les Echansons 2007,0.0
4348,12586,59.0,0,Champagne Egly-Ouriet Grand Cru Brut Tradition,0.0
4350,12588,79.5,0,Champagne Egly-Ouriet Grand Cru Extra Brut V.P.,0.0
4352,15940,225.0,5,Champagne Egly-Ouriet Grand Cru Millésimé 2008,1125.0
4353,12587,79.5,3,Champagne Egly-Ouriet Grand Cru Brut Rosé,238.5
4355,12589,126.5,11,Champagne Egly-Ouriet Grand Cru Blanc de Noirs,1391.5
4356,12585,51.6,12,Champagne Egly-Ouriet Premier Cru Les Vignes de Vrigny,619.2
4357,9562,39.0,0,Champagne Larmandier-Bernier Latitude,0.0
4358,13854,77.0,0,Champagne Larmandier-Bernier Grand Cru Vieilles Vignes du Levant 2008,0.0
4359,13853,85.6,1,Champagne Larmandier-Bernier Grand Cru Les Chemins d'Avize 2011,85.6
4364,11585,49.5,1,Wemyss Malts Blended Malt Scotch Whisky The Hive,49.5
4391,11467,49.5,0,Wemyss Malts Blended Malt Scotch Whisky Peat Chimney,0.0
4392,11586,49.5,0,Wemyss Malts Blended Malt Scotch Whisky Spice King,0.0
4393,13765,57.0,0,Wemyss Malts Blended Malt Scotch Whisky Vanilla Burst,0.0
4394,13766,59.8,0,Wemyss Malts Blended Malt Scotch Whisky Treacle Chest,0.0
4395,11587,27.5,0,Wemyss Malts Blended Scotch Whisky Lord Elcho,0.0
4396,9636,62.0,0,Wemyss Malts Blended Malt Scotch Whisky The Hive 12 ans,0.0
4397,12639,59.0,0,Wemyss Malts Blended Malt Scotch Whisky The Hive Batch Strength,0.0
4398,12641,59.0,0,Wemyss Malts Blended Malt Scotch Whisky Peat Chimney Batch Strength,0.0
4399,12640,59.0,1,Wemyss Malts Blended Malt Scotch Whisky Spice King Batch Strength,59.0
4400,14768,44.0,0,Cognac Frapin 1270,0.0
4401,3506,62.5,1,Cognac Frapin VSOP,62.5
4402,3510,176.0,13,Cognac Frapin VIP XO,2288.0
4404,3507,108.5,2,Cognac Frapin Château de Fontpinot XO,217.0
4405,13230,68.1,0,Cognac Frapin Château de Fontpinot XO 1/2,0.0
4406,7819,157.0,0,Cognac Frapin Château de Fontpinot 1989 20 Ans d'Age,0.0
4407,3509,104.0,1,Cognac Frapin Cigar Blend,104.0
4558,15426,28.1,3,Domaine de Montcalmès Terrasses du Larzac Rouge 2017,84.3
4564,15621,21.7,19,Domaine Giudicelli Vin de France Eté Rouge 2018,412.3
4566,15457,28.5,0,Domaine de Montcalmès Coteaux du Languedoc Blanc 2017,0.0
4573,13604,67.2,0,Château de Meursault Beaune-Grèves Les Trois Journaux 1er Cru 2015,0.0
4582,12857,109.6,0,Château de Meursault Puligny-Montrachet 1er Cru Champ Canet 2014,0.0
4596,15476,43.9,23,Marc Colin Et Fils Chassagne-Montrachet Blanc Margot 2017,1009.7
4597,14000,61.6,2,Marc Colin Et Fils Chassagne-Montrachet Blanc Les Vide-Bourses 1er Cru 2016,123.2
4598,15478,41.8,1,Marc Colin Et Fils Saint-Aubin Blanc En Montceau 2017,41.8
4600,15475,26.5,0,Marc Colin Et Fils Chassagne-Montrachet Rouge Vieilles Vignes 2017,0.0
4601,16151,16.1,4,Catherine et Claude Maréchal Bourgogne Aligoté 2018,64.4
4602,15659,31.5,7,Catherine et Claude Maréchal Chorey-Lès-Beaune 2017,220.5
4603,15147,31.5,1,Catherine et Claude Maréchal Ladoix Rouge Les Chaillots 2017,31.5
4604,15660,49.0,1,Catherine et Claude Maréchal Pommard La Chanière 2016,49.0
4605,15148,32.2,0,Catherine et Claude Maréchal Savigny-Lès-Beaune Rouge 2016,0.0
4606,15149,50.1,1,Catherine et Claude Maréchal Volnay 2017,50.1
4607,15146,13.4,0,François Bergeret Hautes Côtes de Beaune Vieilles Vignes Rondo 2017,0.0
4609,15145,11.8,0,François Bergeret Hautes Côtes de Beaune Rouge 2017,0.0
4610,15801,13.1,0,François Bergeret Hautes Côtes de Beaune Blanc 2018,0.0
4611,15452,26.2,15,Gilbert Picq Chablis Vosgros 1er Cru 2017,393.0
4612,15038,20.6,10,Gilbert Picq Chablis Vieilles Vignes 2017,206.0
4613,15030,16.9,9,Gilbert Picq Chablis 2017,152.1
4614,15875,19.0,11,Gilbert Picq Chablis En Vaudécorse 2017,209.0
4615,16186,24.0,7,Alphonse Mellot Sancerre Blanc La Moussière 2018,168.0
4616,14371,57.0,0,Alphonse Mellot Sancerre Rouge La Demoiselle 2015,0.0
4617,10459,67.5,0,Alphonse Mellot Sancerre Rouge Génération XIX 2011,0.0
4618,14372,30.6,0,Alphonse Mellot Sancerre Rouge La Moussière 2014,0.0
4619,11049,59.0,0,Alphonse Mellot Sancerre Rouge En Grands Champs 2012,0.0
4620,15850,11.9,6,Bernard Baudry Chinon Rouge Les Granges 2018,71.4
4621,15849,16.5,9,Bernard Baudry Chinon Rouge Les Grézeaux 2017,148.5
4625,812,52.4,0,Marcel Windholtz Eau de Vie de Sureau,0.0
4626,807,52.9,0,Marcel Windholtz Eau de Vie de Prunelle Sauvage,0.0
4627,805,58.3,4,Marcel Windholtz Eau de Vie de Poire Williams Réserve Particulière,233.2
4628,802,39.6,0,Marcel Windholtz Eau de Vie de Marc de Muscat,0.0
4629,2534,52.4,2,Marcel Windholtz Eau de Vie de Fraise,104.8
4630,793,62.4,4,Marcel Windholtz Eau de Vie de Coing,249.6
4631,791,76.8,0,Marcel Windholtz Eau de Vie de Baie de Houx,0.0
4632,2179,50.0,0,Marcel Windholtz Eau de Vie de Quetsch d'Alsace Réserve Particulière,0.0
4633,804,52.4,3,Marcel Windholtz Eau de Vie de Mirabelle d'Alsace Réserve Particulière,157.2
4634,41,41.0,0,Marcel Windholtz Eau de Vie de Marc de Gewurztraminer,0.0
4635,798,62.4,0,Marcel Windholtz Eau de Vie de Kirsch d'Alsace Réserve Particulière,0.0
4636,2361,50.0,1,Marcel Windholtz Eau de Vie de Framboise d'Alsace,50.0
4646,15848,21.5,1,Bernard Baudry Chinon Rouge Le Clos Guillot 2017,21.5
4647,16525,28.5,8,Bernard Baudry Chinon Rouge La Croix Boissée 2017,228.0
4648,16262,24.3,2,Bernard Baudry Chinon Blanc La Croix Boissée 2018,48.6
4649,16261,16.5,1,Bernard Baudry Chinon Blanc 2018,16.5
4650,15206,25.3,5,Thierry Germain Saumur Blanc L'Insolite 2018,126.5
4651,11849,49.0,0,Thierry Germain Saumur Blanc Terres 2014,0.0
4653,13515,36.2,0,Thierry Germain Saumur-Champigny Franc De Pied 2016,0.0
4654,13514,33.4,0,Thierry Germain Saumur-Champigny La Marginale 2016,0.0
4655,13516,40.2,0,Thierry Germain Saumur-Champigny Les Mémoires 2016,0.0
4656,10814,43.0,0,Thierry Germain Saumur-Champigny Outre Terre 2013,0.0
4657,11847,43.0,0,Thierry Germain Saumur-Champigny Outre Terre 2014,0.0
4658,13517,48.8,0,Thierry Germain Saumur-Champigny Outre Terre 2016,0.0
4662,16081,20.8,0,Pierre Martin Sancerre Les Monts Damnés 2018,0.0
4664,15402,16.4,0,La Cotelleraie Saint-Nicolas-de-Bourgueil Le Vau Jaumier 2016,0.0
4665,15404,14.4,2,Vincent Carême Vouvray Sec 2018,28.8
4666,13647,21.0,0,Vincent Carême Vouvray Moelleux 2015,0.0
4668,14657,12.3,3,Xavier Frissant Touraine Amboise L'Orée des Frênes 2015,36.9
4669,16053,20.2,1,Domaine Pellé Menetou Salon Blanc Le Carroir 2018,20.2
4670,15525,17.0,2,Domaine Pellé Menetou Salon Blanc Morogues 2018,34.0
4671,15527,21.9,0,Domaine Pellé Menetou Salon Rouge Les Cris 2015,0.0
4672,14676,17.8,0,Domaine Pellé Menetou Salon Rouge Morogues 2017,0.0
4673,16057,19.8,0,Domaine Pellé Sancerre Rouge La Croix Au Garde 2017,0.0
4674,16056,19.0,7,Domaine Pellé Sancerre Blanc La Croix Au Garde 2018,133.0
4675,13762,10.7,0,Domaine Rotier Gaillac Blanc Sec Renaissance 2015,0.0
4676,15280,12.9,0,Domaine Rotier Gaillac Blanc Doux Les Gravels 2016,0.0
4677,15282,9.5,1,Domaine Rotier Gaillac Rouge Les Gravels 2016,9.5
4678,15281,29.8,0,Domaine Rotier Gaillac Rouge L'Ame 2016,0.0
4679,15283,13.2,0,Domaine Rotier Gaillac Rouge Renaissance 2016,0.0
4680,15934,6.3,2,Domaine de Joy Côtes de Gascogne Envie de Joy 2018,12.6
4681,15933,7.1,12,Domaine de Joy Côtes de Gascogne Blanc Moelleux Saint-André 2018,85.2
4682,15575,9.1,6,Château Plaisance Fronton Rouge 2017,54.6
4683,16239,9.1,1,Château Plaisance Fronton Rosé 2019,9.1
4684,14451,18.1,3,Château Plaisance Fronton To Co Que Cal 2015,54.3
4686,16324,14.0,2,Cosse Maisonneuve Cahors Solis 2018,28.0
4687,15582,30.1,0,Cosse-Maisonneuve Cahors Le Sid 2014,0.0
4689,13736,12.8,1,Domaine Plageoles Côtes du Tarn Blanc Sec Ondenc,12.8
4690,13659,12.8,0,Domaine Plageoles Vin de France Contre-Pied 2016,0.0
4703,15465,19.8,7,Albert Mann Crémant d'Alsace Extra Brut 2017,138.6
4704,15004,18.2,3,Albert Mann Gewurztraminer 2017,54.6
4705,14699,31.6,8,Albert Mann Gewurztraminer Grand Cru Steingrubler 2016,252.8
4706,15349,16.8,32,Albert Mann Muscat 2018,537.6
4707,15466,22.8,13,Albert Mann Pinot Gris Cuvée Albert 2017,296.4
4708,14700,32.6,8,Albert Mann Pinot Gris Grand Cru Furstentum 2016,260.8
4709,10775,44.0,0,Albert Mann Pinot Gris Vendanges Tardives Altenbourg 2011,0.0
4711,16119,55.4,1,Albert Mann Riesling Grand Cru Schlossberg 2018,55.4
4712,15667,15.8,1,Domaine Schoenheitz Crémant d'Alsace Mémoire de Granit Extra Brut,15.8
4713,14746,18.4,12,Domaine Schoenheitz Gewurztraminer Lisenberg 2015,220.8
4714,15361,13.3,3,Domaine Schoenheitz Muscat 2017,39.9
4715,15196,11.1,0,Domaine Schoenheitz Pinot Blanc Val Saint Grégoire 2017,0.0
4716,15657,18.6,0,Domaine Schoenheitz Pinot Gris Herrenreben 2017,0.0
4717,15658,23.4,6,Domaine Schoenheitz Pinot Noir Herrenreben 2017,140.4
4718,15670,18.2,0,Domaine Schoenheitz Pinot Noir Val Saint Grégoire 2017,0.0
4719,16527,12.5,15,Domaine Schoenheitz Pinot Noir Tradition 2019,187.5
4720,16513,15.9,15,Domaine Schoenheitz Riesling Herrenreben 2018,238.5
4722,15880,13.7,1,François Baur Pinot Gris Herrenweg de Turckheim 2018,13.7
4723,15879,29.0,3,François Baur Pinot Noir Sang Du Dragon 2017,87.0
4725,16010,23.4,0,François Baur Riesling Grand Cru Brand Clos De La Treille 2017,0.0
4726,14950,12.7,4,François Baur Pinot Noir Schlittweg 2017,50.8
4727,16540,26.0,2,Paul Ginglinger Riesling Grand Cru Pfersigberg 2018,52.0
4728,15729,29.5,2,Maurice Schoech Gewurztraminer Vendanges Tardives 2017,59.0
4729,38,8.6,38,Emile Boeckel Crémant Brut Blanc de Blancs,326.8
4730,5646,14.3,0,Domaine Muré Crémant d'Alsace Cuvée Prestige,0.0
4731,8344,22.0,18,Domaine Muré Crémant d'Alsace Rosé,396.0
4733,15576,16.8,0,Camin Larredya Jurançon Sec La Part Davant 2018,0.0
4734,16138,15.3,1,Camin Larredya Jurançon Moelleux Costat Darrer 2018,15.3
4739,14366,7.4,0,Jean-Paul Brun Beaujolais Le Ronsay 2016,0.0
4740,13412,9.7,0,Jean-Paul Brun Beaujolais L'Ancien 2016,0.0
4748,14632,14.5,0,Jean-Paul Brun Saint-Amour 2017,0.0
4749,15315,11.9,0,Domaine de Montgilet Anjou Blanc 2016,0.0
4750,13627,16.4,2,Domaine de Montgilet Anjou Rouge Les Yvonnais 2015,32.8
4752,14184,27.9,0,Domaine de Montgilet Coteaux de l'Aubance Les Trois Schistes 2016,0.0
4753,15429,12.0,7,Domaine de Montgilet Coteaux de l'Aubance 2017,84.0
4755,16132,7.4,0,Domaine de Montgilet Vin de France Grolleau 2019,0.0
4757,14680,26.5,6,Domaine Saint-Nicolas Fiefs Vendéens Blanc Le Haut des Clous 2017,159.0
4758,15859,24.3,0,Domaine Saint-Nicolas Fiefs Vendéens Rouge Cuvée Jacques 2016,0.0
4759,16229,16.9,0,Domaine Saint-Nicolas Fiefs Vendéens Rouge Reflets 2018,0.0
4776,14302,6.8,7,Château de La Liquière Pays d'Hérault Blanc A Mi Chemin 2017,47.6
4778,16072,13.9,0,Clos du Mont-Olivet Lirac Rosé Farel 2019,0.0
4779,14300,7.8,18,Clos du Mont-Olivet Vin de France La Sabonite,140.4
4780,13096,13.7,1,Maurice Schoech Crémant d'Alsace Brut Rosé Bulles de Granite,13.7
4782,16564,9.8,3,Paul Ginglinger Pinot Blanc 2017,29.4
4783,13754,29.5,0,Maurice Schoech Pinot Gris Vendanges Tardives 2015,0.0
4784,15734,28.5,0,Maurice Schoech Riesling Vendanges Tardives 2017,0.0
4785,15448,10.1,1,Maurice Schoech Pinot Auxerrois Vieilles Vignes 2018,10.1
4786,15881,12.1,0,Maurice Schoech Gewurztraminer 2018,0.0
4788,15731,12.3,3,Maurice Schoech Pinot Gris 2018,36.9
4789,15316,11.1,2,Maurice Schoech Pinot Noir 2018,22.2
4790,15732,11.1,0,Maurice Schoech Riesling 2018,0.0
4791,14599,13.6,0,Maurice Schoech Pinot Noir Pièce de Chêne 2016,0.0
4792,15733,21.0,19,Maurice Schoech Riesling Grand Cru Kaefferkopf 2018,399.0
4793,15730,18.7,0,Maurice Schoech Pinot Gris Grand Cru Schlossberg 2017,0.0
4794,12771,41.6,0,Maurice Schoech Riesling Grand Cru Rangen de Thann 2014,0.0
4795,3568,12.0,10,Emile Boeckel Crémant Brut Rosé,120.0
4797,14506,78.0,0,Domaine Peyre Rose Clos des Cistes 2008,0.0
4799,15811,14.9,3,Domaine de la Monardière Vacqueyras Les Deux Monardes 2017,44.7
4858,16342,6.5,1,Château Turcaud Bordeaux Rosé 2019,6.5
4860,16292,8.7,11,Philippe Nusswitz Duché d'Uzès Orénia Rosé 2019,95.7
4861,15307,8.5,29,Philippe Nusswitz Duché d'Uzès Orénia Rouge 2017,246.5
4862,16047,9.9,12,Philippe Nusswitz Duché d'Uzès Orénia Blanc 2018,118.8
4863,16255,8.2,4,Château Ollieux Romanis Corbières Rosé Classique 2019,32.8
4865,16274,9.8,13,Mourgues du Grès Costières de Nîmes Capitelles Rosé 2018,127.4
4867,16148,9.9,1,Château De La Selve IGP Coteaux de l'Ardèche Maguelonne Rosé 2019,9.9
4870,16149,9.3,33,Triennes IGP Méditerranée Rosé 2019,306.9
4876,16289,22.8,22,Tempier Bandol Rosé 2019,501.6
4885,14981,18.7,0,Saumaize-Michelin Mâcon Vergisson Sur La Roche 2017,0.0
4886,15773,28.4,5,Saumaize-Michelin Pouilly-Fuissé Clos sur la Roche 2018,142.0
4888,15776,27.9,0,Saumaize-Michelin Pouilly-Fuissé Les Ronchevats 2018,0.0
4889,16037,25.3,0,Saumaize-Michelin Pouilly-Fuissé Vignes Blanches 2018,0.0
4890,16038,17.0,6,Saumaize-Michelin Saint-Véran 2018,102.0
4891,15807,27.9,36,Jacqueson Rully Blanc 1er Cru La Pucelle 2018,1004.4
4892,15952,20.1,3,Jacqueson Rully Rouge Les Chaponnières 2018,60.3
4893,15808,27.9,3,Jacqueson Rully Rouge 1er Cru Les Cloux 2018,83.7
4899,16062,21.2,9,Domaine Brintet Mercurey Blanc Vieilles Vignes 2018,190.8
4900,16063,20.8,1,Domaine Brintet Mercurey Rouge Vieilles Vignes 2018,20.8
4901,14802,41.0,0,Domaine Des Croix Beaune 1er Cru Les Cent Vignes 2017,0.0
4902,13052,46.0,0,Domaine Des Croix Savigny-Lès-Beaune 1er Cru Les Peuillets 2015,0.0
4903,14805,102.3,0,Domaine Des Croix Corton Grand Cru Les Grèves 2017,0.0
4904,14220,137.0,5,Domaine Des Croix Corton Charlemagne Grand Cru 2016,685.0
4907,14374,22.9,0,Alphonse Mellot Coteaux Charitois Rouge Les Pénitents 2015,0.0
4908,14395,53.2,4,Alphonse Mellot Sancerre Blanc Edmond 2016,212.8
4909,15614,25.9,0,Antoine-Marie Arena Vin de France Bianco Gentile 2018,0.0
4910,13809,17.3,4,Antoine-Marie Arena Vin de France Rouge San Giovanni 2017,69.2
4912,15612,25.9,6,Jean-Baptiste Arena Patrimonio Rouge Grotte Di Sole 2018,155.4
4913,13814,28.0,0,Jean-Batiste Arena Muscat du Cap Corse 2015,0.0
4914,15613,25.9,2,Antoine-Marie Arena Patrimonio Hauts de Carco 2018,51.8
4915,15615,25.9,8,Jean-Baptiste Arena Patrimonio Blanc Morta Maio,207.2
4918,15533,37.2,24,Alain Graillot Crozes-Hermitage Rouge La Guiraude 2016,892.8
4919,15531,24.4,6,Alain Graillot Crozes-Hermitage Rouge 2017,146.4
4920,15530,24.4,10,Alain Graillot Crozes-Hermitage Blanc 2018,244.0
4923,15928,7.0,10,Cave de Castelmaure Corbières Rouge Vigneron 2018,70.0
4924,16276,12.8,0,Cave de Castelmaure Corbières Rouge Grande Cuvée 2017,0.0
4925,16277,23.2,12,Cave de Castelmaure Corbières Rouge N°3 2017,278.4
4926,15456,7.9,0,Domaine La Croix Belle Côtes de Thongue Blanc Champ des Lys 2018,0.0
4927,15425,6.5,4,Domaine La Croix Belle Côtes de Thongue Rouge La Caringole 2018,26.0
4928,15047,7.9,5,Domaine La Croix Belle Côtes de Thongue Rouge Le Champ du Coq 2016,39.5
4929,15927,16.7,2,Domaine La Croix Belle Côtes de Thongue Rouge N°7 2017,33.4
4930,16155,17.5,5,Domaine La Croix Belle Côtes de Thongue Blanc N°7 2018,87.5
4931,16280,27.8,0,Marcel Richaud Cairanne Rouge L'Ebrescade 2017,0.0
4932,9937,25.7,4,Marcel Richaud Cairanne Rouge Les Estrambords 2011,102.8
4933,16281,18.4,0,Marcel Richaud Cairanne Rouge 2018,0.0
4934,15554,22.2,2,Marcel Richaud Rasteau Rouge 2017,44.4
4936,15106,11.1,11,Domaine Rouge Garance Côtes du Rhône Blanc De Garance 2018,122.1
4937,16283,9.9,4,Domaine Rouge Garance Côtes du Rhône Feuille de Garance 2019,39.6
4938,13379,12.5,0,Domaine Rouge Garance Côtes du Rhône Villages Garances 2016,0.0
4939,15338,12.9,0,Oratoire Saint Martin Cairanne Blanc Réserve des Seigneurs 2018,0.0
4940,15337,20.5,2,Oratoire Saint Martin Cairanne Blanc Haut-Coustias 2017,41.0
4954,bon-cadeau-25-euros,25.0,10,Bon cadeau de 25€,250.0
4962,15737,11.3,14,Château Turcaud Bordeaux Blanc Cuvée Majeure 2018,158.2
4963,15958,7.0,2,Château Turcaud Bordeaux Rouge 2016,14.0
4964,16515,12.1,6,Château Turcaud Bordeaux Rouge Cuvée Majeure 2018,72.6
4965,16586,7.1,26,Château Turcaud Entre-Deux-Mers 2019,184.6
4970,11225,49.5,0,Champagne Larmandier-Bernier Terre de Vertus Premier Cru 2011,0.0
4974,16004,23.0,5,Château du Couvent Pomerol 2017,115.0
4975,14756,23.7,4,Château Cordet Margaux 2013,94.8
4976,16005,16.45,4,Château Lafont Menaut Pessac-Leognan Rouge 2017,65.8
4977,14930,16.3,3,Château Lafont Menaut Pessac-Leognan Blanc 2017,48.9
4978,13313,18.5,0,Château Dutruch Grand Poujeaux Moulis 2016,0.0
4980,15229,26.5,0,Château La Tour l'Aspic Pauillac 2014,0.0
4994,14507,78.0,0,Domaine Peyre Rose Syrah Léone 2008,0.0
4995,14509,78.0,0,Domaine Peyre Rose Oro Blanc 2002,0.0
4996,14508,78.0,0,Domaine Peyre Rose Marlène N°3 2008,0.0
5000,15868,27.3,6,David Duband Côtes de Nuits Villages 2017,163.8
5001,14581,217.5,0,David Duband Charmes-Chambertin Grand Cru 2014,0.0
5002,14580,64.9,0,David Duband Morey-Saint-Denis 1er Cru Les Broc 2016,0.0
5003,15869,48.7,0,David Duband Morey-Saint-Denis 2017,0.0
5004,15871,59.4,2,David Duband Vosne Romanée 2017,118.8
5006,15870,48.7,0,David Duband Nuits-Saint-Georges 2017,0.0
5007,12791,105.0,0,Domaine des Comtes Lafon Volnay 1er Cru Santenots du Milieu 2014,0.0
5008,11602,105.0,0,Domaine des Comtes Lafon Volnay 1er Cru Santenots du Milieu 2013,0.0
5010,15073,55.6,0,Domaine des Comtes Lafon Monthélie 1er Cru Les Duresses 2017,0.0
5016,14839,9.3,3,Château Tour Des Gendres Bergerac Blanc Cuvée Des Conti 2017,27.9
5019,14696,19.8,0,Château Tour Des Gendres Bergerac Blanc Moulin Des Dames 2016,0.0
5024,11996,45.0,0,Champagne Agrapart &amp; Fils Les 7 Crus Brut Blanc de Blancs,0.0
5025,13914,112.0,0,Champagne Agrapart &amp; Fils L'Avizoise Extra Brut Blanc de Blancs Grand Cru 2012,0.0
5026,13913,86.8,0,Champagne Agrapart &amp; Fils Minéral Extra Brut Blanc de Blancs Grand Cru 2012,0.0
5027,11997,62.1,0,Champagne Agrapart &amp; Fils Terroirs Brut Blanc de Blancs Grand Cru,0.0
5047,531,22.5,13,Champagne Petit Lebrun &amp; Fils Blanc de Blancs Grand Cru,292.5
5056,13531,7.5,1,Domaine de Montgilet Anjou Rouge 2016,7.5
5061,15711,52.6,0,Lucien Boillot Gevrey Chambertin Les Evocelles 2017,0.0
5062,15713,45.0,2,Lucien Boillot Gevrey Chambertin 2017,90.0
5063,15715,67.0,0,Lucien Boillot Pommard 1er Cru Les Croix Noires 2017,0.0
5067,15346,59.9,16,Albert Mann Pinot Noir Grand H 2017,958.4
5068,15345,59.9,0,Albert Mann Pinot Noir Grand P 2017,0.0
5069,15344,65.0,0,Albert Mann Pinot Noir Les Saintes Claires 2017,0.0
5375,15755,15.2,1,David-Beaupère Juliénas Les Trois Verres 2018,15.2
5377,15677,19.0,0,Argentine Alamos Catena Malbec 2017,0.0
5379,14561,11.1,0,Argentine Mendoza Alamos Torrontes 2017,0.0
5380,16022,18.0,0,Nouvelle-Zélande Marlborough Momo Sauvignon Blanc 2018,0.0
5382,16011,22.8,0,Nouvelle-Zélande Marlborough Momo Pinot Noir 2016,0.0
5383,3383,19.5,0,Nouvelle-Zélande Marlborough Kim Crawford Sauvignon Blanc 2015,0.0
5384,14149,28.8,0,Liban Vallée de la Békaa Château Marsyas 2012,0.0
5389,13904,16.1,0,Australie Maverick Breechens Blend 2012,0.0
5391,14141,24.2,1,Australie Maverick Trial Hill Riesling 2010,24.2
5393,12494,35.3,0,Australie Harkham Wines Old Vines 2011,0.0
5394,15462,10.7,0,Chili Valdivieso Merlot 2017,0.0
5395,15095,12.7,0,Chili Errazuriz Cabernet Sauvignon 2016,0.0
5396,14626,17.1,0,Chili De Martino Gallardia Cinsault 2017,0.0
5397,12496,24.0,0,Chili De Martino Viejas Tinajas Cinsault 2013,0.0
5398,12315,39.0,1,Chili Montsecano (Ostertag) Pinot Noir 2013,39.0
5439,15649,13.2,18,La Préceptorie Maury Sec Rouge Copain Comme Cochon 2018,237.6
5443,14809,23.6,5,La Rectorie Banyuls Léon Parcé 2016,118.0
5444,15155,15.5,1,La Préceptorie Maury Rouge Cuvée Aurélie 2017,15.5
5445,12194,16.3,0,La Préceptorie Maury Blanc 2015,0.0
5446,16328,16.2,0,Parcé Frères Banyuls Rimage 2018,0.0
5448,14469,7.2,0,Parcé Frères Côtes du Roussillon Villages Hommage à Fernand 2017,0.0
5465,16034,54.8,3,Clos du Mont-Olivet Châteauneuf-du-Pape 2007,164.4
5474,14679,42.0,4,Domaine Saint-Nicolas Fiefs Vendéens Rouge La Grande Pièce 2013,168.0
5477,15526,19.8,4,Domaine Pellé Menetou Salon Blanc Les Vignes de Ratier 2018,79.2
5479,16305,10.2,3,Domaine Bulliat Beaujolais Blanc 2019,30.6
5480,16306,10.4,1,Domaine Bulliat Chiroubles Cuvée Félix 2019,10.4
5481,15138,11.5,0,Domaine Bulliat Moulin-à-Vent 2017,0.0
5483,15753,17.9,0,David-Beaupère Juliénas La Bottière Vieilles Vignes 2018,0.0
5484,15756,21.6,1,David-Beaupère Juliénas Vayolette 2017,21.6
5485,16131,33.4,3,Decelle-Villa Savigny-Lès-Beaune Blanc 2018,100.2
5486,16130,49.5,9,Decelle-Villa Meursault 2018,445.5
5487,16129,43.5,3,Decelle-Villa Nuits-Saint-Georges Rouge 2016,130.5
5488,14712,43.5,0,Decelle-Villa Beaune Rouge 2015,0.0
5491,15481,26.5,0,Marc Colin Et Fils Santenay Rouge 2017,0.0
5504,16146,13.8,3,Château de la Selve Coteaux de l'Ardèche Blanc Saint-Régis Blanc 2019,41.4
5506,14192,18.2,0,Château de la Selve Coteaux de l'Ardèche Rouge Serre de Berty 2014,0.0
5519,15860,12.9,22,Domaine Chambeyron Côtes du Rhône 2017,283.8
5520,15863,38.6,2,Domaine Chambeyron Côte Rôtie La Chavarine 2017,77.2
5522,15861,48.4,1,Domaine Chambeyron Côte Rôtie L'Angéline 2017,48.4
5523,15862,60.4,1,Domaine Chambeyron Côte Rôtie Lancement 2017,60.4
5524,15864,38.6,1,Domaine Chambeyron Condrieu Vernon 2018,38.6
5525,14819,12.0,0,Domaine Chambeyron Vin de Pays des Collines Rhodaniennes Viognier 2016,0.0
5544,14828,61.6,0,Marc Colin Et Fils Chassagne-Montrachet Blanc Les Vide-Bourses 1er Cru 2016,0.0
5545,14827,65.9,7,Marc Colin Et Fils Chassagne-Montrachet Blanc Les Caillerets 1er Cru 2016,461.3
5546,15202,15.2,6,Thierry Germain Saumur-Champigny Cuvée Domaine 2018,91.2
5547,13959,24.6,1,Thierry Germain Saumur-Champigny Terres Chaudes 2017,24.6
5548,13965,48.8,0,Thierry Germain Saumur-Champigny Outre Terre 2017,0.0
5550,13958,34.3,0,Thierry Germain Saumur-Champigny La Marginale 2017,0.0
5551,13957,36.3,0,Thierry Germain Saumur-Champigny Franc De Pied 2017,0.0
5552,13520,57.7,0,Thierry Germain Saumur Blanc Clos Roman 2016,0.0
5554,13969,38.0,0,Thierry Germain Saumur-Champigny Clos de l'Echelier 2017,0.0
5561,19820,58.0,0,Tempier Bandol Migoua 2017,0.0
5563,19821,58.0,0,Tempier Bandol Tourtine 2017,0.0
5564,15748,30.8,3,Tempier Bandol Rouge 2017,92.4
5565,19822,92.0,0,Tempier Bandol Cabassaou 2017,0.0
5566,16192,27.5,0,Le Pas de l'Escalette Terrasses du Larzac Le Grand Pas 2018,0.0
5573,14729,34.7,0,Domaine Huet Vouvray Le Clos du Bourg Demi-Sec 2017,0.0
5574,8463,59.6,0,Domaine Huet Vouvray Le Mont Moelleux Première Trie 2008,0.0
5580,13982,83.7,0,Lucien Boillot Puligny-Montrachet 1er Cru Les Perrières 2016,0.0
5608,15944,30.5,2,Domaine Weinbach Gewurztraminer Cuvée Théo 2018,61.0
5609,15930,38.6,2,Domaine Weinbach Riesling Cuvée Colette 2018,77.2
5610,14912,18.0,0,Domaine Weinbach Pinot Blanc 2017,0.0
5611,15945,63.4,1,Domaine Weinbach Riesling Grand Cru Schlossberg Cuvée Ste Catherine 2018,63.4
5612,14915,124.8,0,Domaine Weinbach Gewurztraminer Grand Cru Furstentum SGN 2010 1/2,0.0
5613,14855,19.2,6,Albert Boxler Chasselas 2016,115.2
5614,14856,19.2,3,Albert Boxler Crémant d'Alsace Brut 2014,57.6
5615,15923,56.4,0,"Albert Boxler Pinot Gris Grand Cru Sommerberg ""W"" 2016",0.0
5616,14845,38.4,2,"Albert Boxler Pinot Noir ""S"" 2016",76.8
5617,14844,27.8,3,Albert Boxler Pinot Gris Réserve 2016,83.4
5618,15921,71.3,0,"Albert Boxler Riesling Grand Cru Sommerberg ""D"" 2018",0.0
5619,15922,71.3,0,"Albert Boxler Riesling Grand Cru Sommerberg ""E"" 2018",0.0
5628,12366,25.0,0,Parés Baltà Penedès Hisenda Miret 2013,0.0
5629,8365,10.3,0,Parés Baltà Cava Brut Nature,0.0
5630,12365,28.0,1,Parés Baltà Penedès Electio 2013,28.0
5690,14647,44.6,0,Domaine Hauvette IGP Alpilles Dolia 2012,0.0
5693,15812,13.0,11,Philippe Nusswitz Duché d'Uzès Orénia Blanc Réserve 2018,143.0
5694,14661,12.7,5,Philippe Nusswitz Duché d'Uzès Orénia Rouge Réserve 2016,63.5
5695,16304,6.5,14,Philippe Nusswitz IGP Cévènnes Rosé O Pale 2019,91.0
5696,15797,17.5,0,Planeta Sicilia Etna Bianco 2018,0.0
5697,16094,29.9,0,Planeta Sicilia Noto Santa Cecilia 2016,0.0
5700,14736,44.5,1,"Gilles Robin Crozes-Hermitage Rouge ""1920"" 2016",44.5
5703,11736,29.4,0,Domaine de l'Ecu Muscadet Taurus 2012,0.0
5704,15036,16.9,0,Domaine de l'Ecu Muscadet Gneiss 2015,0.0
5705,15360,19.8,2,Domaine Huet Vouvray Pétillant Brut 2014,39.6
5706,15674,10.3,0,Domaine des Terres d'Ocre Saint-Pourçain Blanc Instant T 2018,0.0
5707,13557,10.8,10,Domaine des Terres d'Ocre Saint-Pourçain Rouge Instant T 2015,108.0
5709,15035,31.7,0,Philippe Alliet Chinon Rouge Coteau de Noiré 2016,0.0
5711,16121,25.0,5,Albert Mann Riesling Cuvée Albert 2017,125.0
5712,14241,57.6,1,Albert Mann Gewurztraminer Vendanges Tardives Altenbourg 2015,57.6
5715,14982,13.7,0,François Baur Gewurztraminer Herrenweg de Turckheim 2016,0.0
5722,15026,7.1,19,Domaine de l'Hortus Pays de l'Hérault Le Loup Dans La Bergerie 2018,134.9
5736,15116,14.9,5,Triennes IGP Méditerranée Blanc Sainte Fleur 2018,74.5
5737,15369,11.0,9,Triennes IGP Méditerranée Rouge Les Auréliens 2016,99.0
5738,15566,14.6,11,Triennes IGP Méditerranée Rouge Saint Auguste 2016,160.6
5739,16003,10.7,1,Triennes IGP Méditerranée Rouge Merlot 2016,10.7
5741,15127,73.3,0,Domaine Clerget Chambolle-Musigny Les Charmes 2015,0.0
5742,15125,42.1,0,Domaine Clerget Chambolle-Musigny 2014,0.0
5743,14323,57.0,0,Domaine Clerget Vosne-Romanée Les Violettes 2015,0.0
5747,15631,24.5,21,Thibaud Boudignon Anjou Blanc 2018,514.5
5753,16147,10.1,4,Château de la Selve Vin de France Petite Selve 2019,40.4
5756,7033,42.2,4,Huile d'Olive Extra Vierge Planeta Selezione Chef 3L,168.8
5760,11258,13.1,2,Huile d'Olive Extra Vierge Planeta 50cl,26.2
5761,13849,19.5,0,Huiles d'Olive Extra Vierge Planeta 3x 10cl,0.0
5764,15818,12.9,12,Parcé Frères Collioure Rouge Petit Gus 2018,154.8
5766,15179,35.6,0,Camille Giroud Auxey-Duresses Blanc 2017,0.0
5767,15185,175.0,0,Camille Giroud Clos de Vougeot 2016,0.0
5768,15183,35.6,1,Camille Giroud Maranges Rouge 1er Cru Le Croix Moines 2016,35.6
5769,15254,33.6,0,Camille Giroud Marsannay Rouge Les Longeroies 2016,0.0
5770,15178,34.4,4,Camille Giroud Santenay Blanc 2017,137.6
5771,15184,38.4,0,Camille Giroud Santenay Rouge 1er Cru Clos Rousseau 2016,0.0
5772,15180,29.7,1,Camille Giroud Santenay Rouge 2016,29.7
5773,15264,32.8,3,Decelle-Villa Auxey-Duresses Blanc 2017,98.4
5777,14338,5.7,0,Maurel Pays d'Oc Cabernet-Sauvignon 2017,0.0
5778,15561,5.8,24,Maurel Pays d'Oc Merlot 2018,139.2
5779,16213,5.8,8,Maurel Pays d'Oc Syrah 2019,46.4
5794,14692,21.7,0,Château Fonréaud Bordeaux Blanc Le Cygne 2016,0.0
5795,13291,23.0,0,Château de Chantegrive Graves Blanc Caroline 2016,0.0
5796,13895,12.5,0,Château Saransot-Dupré Bordeaux Blanc 2016,0.0
5797,15688,17.2,0,Château Saransot-Dupré Listrac-Médoc 2016,0.0
5799,14461,40.2,0,Château Carbonnieux Graves Blanc 2017,0.0
5801,11277,24.0,0,Château Monbrison Margaux Bouquet de Monbrison 2012,0.0
5802,15399,23.8,0,Château Peymartin Saint-Julien 2014,0.0
5803,13572,17.1,3,Château Tour Haut-Caussan Médoc 2015,51.3
5804,14955,25.0,1,Château Le Puy Bordeaux Côtes-de-Francs Emilien 2016,25.0
5806,13567,17.4,2,Château La Croix Meunier Saint-Emilion Grand Cru 2014,34.8
5807,15471,27.3,4,Château d'Arcole Saint-Emilion Grand Cru 2016,109.2
5809,15080,17.9,0,Château Tour De Pez Saint-Estèphe Les Hauts de Pez 2016,0.0
5810,14429,24.0,0,Château Tour De Pez Saint-Estèphe 2017,0.0
5815,15238,16.6,1,Maison Trimbach Muscat Réserve 2017,16.6
5816,15237,16.9,0,Maison Trimbach Riesling 2017,0.0
5817,14600,57.6,0,Maison Trimbach Riesling Grand Cru Geisberg 2012,0.0
5818,15241,63.5,0,Maison Trimbach Riesling Grand Cru Schlossberg 2015,0.0
5819,11933,56.0,1,Maison Trimbach Riesling Cuvée Frédéric Emile 2008,56.0
5820,15240,63.5,0,Maison Trimbach Riesling Cuvée Frédéric Emile 2012,0.0
5826,15325,41.2,4,Agnès Levet Côte Rôtie Améthyste 2017,164.8
5827,15328,55.0,3,Agnès Levet Côte Rôtie Maestria 2017,165.0
5829,15329,57.0,3,Agnès Levet Côte Rôtie Péroline 2017,171.0
5890,15775,19.3,0,Saumaize-Michelin Saint-Véran Les Crèches 2018,0.0
5891,15774,19.0,1,Saumaize-Michelin Viré-Clessé 2018,19.0
5892,14983,191.3,3,Coteaux Champenois Egly-Ouriet Ambonnay Rouge 2016,573.9
5893,13910,26.6,5,Gilbert Picq Chablis 1er Cru Vaucoupin 2016,133.0
5894,16539,15.4,5,Thevenet Quintaine Viré-Clessé Emilian Gillet 2017,77.0
5896,15910,24.7,0,Thevenet Quintaine Viré-Clessé La Bongran 2015,0.0
5899,12339,28.1,4,Stéphane Tissot Arbois Blanc Les Bruyères 2015,112.4
5900,12869,18.25,0,Stéphane Tissot Arbois D.D. 2016,0.0
5902,14095,35.1,0,Stéphane Tissot Arbois Pinot Noir Sous La Tour 2016,0.0
5903,14099,27.3,0,Stéphane Tissot Arbois Trousseau Singulier 2017,0.0
5904,15856,18.8,0,Domaine de Montbourgeau Côtes du Jura Poulsard 2018,0.0
5905,12881,43.9,2,Domaine de Montbourgeau L'Etoile Vin Jaune 2009,87.8
5906,15857,19.8,0,Domaine de Montbourgeau L'Etoile En Banode 2016,0.0
5907,12882,17.7,0,Domaine de Montbourgeau Vin de Paille 2013,0.0
5912,15227,57.0,0,Kingsbarns Distillery Lowland Single Malt Whisky,0.0
5913,10014,36.0,0,Darnley's London Dry Gin Original,0.0
5914,14265,36.0,1,Darnley's London Dry Gin Spiced,36.0
5916,14774,93.0,0,Wemyss Malts Single Cask Scotch Whisky Chocolate Moka Cake 2005 Strathclyde,0.0
5917,14775,122.0,0,Wemyss Malts Single Cask Scotch Whisky Choc 'n' Nut Pretzel 2001 Bunnahabhain,0.0
5918,14773,114.0,0,Wemyss Malts Single Cask Scotch Whisky Chai Caramel Latte 2002 Craigellachie,0.0
5922,15343,48.5,17,Albert Mann Pinot Noir Clos de la Faille 2017,824.5
5925,15351,49.5,2,Albert Mann Riesling Grand Cru Furstentum 2017,99.0
5930,16323,14.1,1,Borie La Vitarèle Languedoc Blanc Le Grand Mayol 2019,14.1
5932,523,59.9,0,Cognac Normandin Mercier VFC,0.0
5950,15432,46.0,5,Domaine de Vaccelli AOP Ajaccio Rouge Granit 2016,230.0
5951,16472,74.5,0,Domaine de Vaccelli AOP Ajaccio Rouge Granit 174 2017,0.0
5956,15895,17.2,0,Clos du Prieur Terrasses du Larzac 2018,0.0
5958,15577,8.7,0,Domaine Labranche Laffont Madiran Tradition 2016,0.0
5959,15766,15.4,0,Domaine Labranche Laffont Madiran Vieilles Vignes 2015,0.0
5960,15892,12.7,0,Domaine Labranche Laffont Pacherenc du Vic-Bilh Sec 2017,0.0
5962,16326,30.0,0,Camin Larredya Jurançon Moelleux Au Capcéu 2018,0.0
5963,15574,13.5,0,Domaine de l'Ancienne Cure Bergerac Blanc Sec L'Abbaye 2016,0.0
5964,13662,16.3,3,Domaine de l'Ancienne Cure Pécharmant L'Abbaye 2015,48.9
5967,11669,56.3,0,Zind-Humbrecht Gewurztraminer Clos Windsbuhl 2012,0.0
5968,13215,71.5,0,Zind-Humbrecht Pinot Gris Clos Windsbuhl 2013,0.0
5969,13211,69.0,0,Zind-Humbrecht Riesling Clos Windsbuhl 2014,0.0
6035,15342,17.9,1,Zind-Humbrecht Muscat Turckheim 2016,17.9
6038,15318,48.5,0,I Fabbri Chianti Classico Gran Selezione 2015,0.0
6041,13073,71.7,0,Château de Vaudieu Châteauneuf-du-Pape Amiral G 2015,0.0
6042,16159,8.5,18,Domaine La Croix Belle Côtes de Thongue Rosé Les Grillons 2019,153.0
6047,16264,10.9,38,Château de La Liquière Faugères L'Ampoule 2019,414.2
6049,14899,21.8,3,Christophe Pichon Saint-Joseph Blanc 2017,65.4
6050,15134,38.5,0,Christophe Pichon Condrieu 2017,0.0
6070,16133,9.3,1,Borie La Vitarèle Pays d'Hérault Les Cigales 2019,9.3
6072,16028,13.6,9,Clos du Mont-Olivet Côtes-du-Rhône Blanc 2019,122.4
6073,15951,24.5,0,Jacqueson Rully Rouge 1er Cru Les Preaux 2018,0.0
6093,15487,12.6,1,Château de Villeneuve Saumur-Champigny 2017,12.6
6094,15486,13.4,0,Château de Villeneuve Saumur-Champigny Clos de la Bienboire 2018,0.0
6095,15489,29.8,0,Château de Villeneuve Saumur-Champigny Le Grand Clos 2017,0.0
6101,14089,36.9,0,Stéphane Tissot Arbois Blanc La Mailloche 2016,0.0
6103,14100,40.7,0,Stéphane Tissot Arbois Trousseau Amphore 2017,0.0
6104,14092,33.2,0,Stéphane Tissot Arbois Blanc Savagnin 2015,0.0
6105,14090,34.8,7,Stéphane Tissot Côtes du Jura Sursis 2017,243.6
6106,14106,74.8,0,Stéphane Tissot Château-Chalon 2011,0.0
6107,14101,62.4,0,Stéphane Tissot Arbois Vin Jaune En Spois 2011,0.0
6108,14797,46.0,0,Gilles Robin Cornas 2016,0.0
6109,15201,39.2,1,Gilles Robin Saint-Joseph Rouge André Péalat 2010,39.2
6126,14923,135.0,2,Champagne Gosset Célébris Vintage 2007,270.0
6127,14573,10.6,0,Moulin de Gassac IGP Pays d'Hérault Rouge Mazet du Levant 2017,0.0
6128,14569,10.6,3,Moulin de Gassac IGP Pays d'Hérault Blanc Faune 2017,31.8
6129,14570,5.2,0,Moulin de Gassac IGP Pays d'Hérault Guilhem Blanc 2017,0.0
6137,15834,46.0,2,Domaine de Vaccelli Ajaccio Blanc Sirocco 2017,92.0
6201,14596,105.6,0,David Duband Chambolle-Musigny 1er Cru Les Sentiers 2016,0.0
6202,15126,116.4,0,Domaine Clerget Echezeaux Grand Cru En Orveaux 2015,0.0
6204,14604,31.0,7,Domaine Giudicelli Muscat du Cap Corse 2016,217.0
6205,16565,20.2,0,Domaine Giudicelli Vin de France Corail Rouge 2019,0.0
6206,16580,25.2,41,Domaine Giudicelli Patrimonio Blanc 2019,1033.2
6207,16077,25.2,37,Domaine Giudicelli Patrimonio Rouge 2016,932.4
6212,13996,115.0,2,Domaine des Comtes Lafon Volnay 1er Cru Santenots du Milieu 2015,230.0
6213,15072,121.0,0,Domaine des Comtes Lafon Volnay 1er Cru Santenots du Milieu 2016,0.0
6214,11601,99.0,0,Domaine des Comtes Lafon Volnay 1er Cru Champans 2013,0.0
6215,12790,115.0,0,Domaine des Comtes Lafon Volnay 1er Cru Champans 2014,0.0
6216,15070,121.0,0,Domaine des Comtes Lafon Volnay 1er Cru Champans 2016,0.0
6221,16096,23.5,0,Planeta Sicilia Eruzione 1614 2017,0.0
6222,7032,26.4,0,Planeta Sicilia Passito di Noto 2016,0.0
6223,15324,26.7,6,Planeta Sicilia Chardonnay 2017,160.2
6225,15162,20.4,4,Le Pas de l'Escalette IGP Hérault Ze Cinsault 2017,81.6
6226,15161,20.4,0,Le Pas de l'Escalette Terrasses du Larzac Le Pas de D. 2017,0.0
6227,15163,40.2,1,Le Pas de l'Escalette Terrasses du Larzac Les Frieys 2017,40.2
6278,16273,9.0,5,Borie de Maurel Minervois Rouge Esprit d'Automne 2019,45.0
6279,16247,45.9,0,Borie de Maurel Minervois Rouge Maxime 2003,0.0
6280,15654,10.4,0,Borie de Maurel Minervois Blanc La Belle Aude 2018,0.0
6299,15710,78.0,0,Lucien Boillot Gevrey Chambertin 1er Cru Les Cherbaudes 2017,0.0
6301,15745,40.5,0,Borie La Vitarèle Saint-Chinian Midi Rouge 2015,0.0
6325,15678,27.9,0,Tempier Bandol Blanc 2018,0.0
6328,15810,22.4,0,Le Pas de l'Escalette IGP Pays d'Hérault Les Clapas Blanc 2018,0.0
6567,15779,28.4,0,"Decelle-Villa Côte de Nuits Villages ""Aux Montagnes"" 2014",0.0
6568,15707,72.0,0,Decelle-Villa Chambolle-Musigny 2017,0.0
6569,15705,29.0,3,Decelle-Villa Chorey-Lès-Beaune 2016,87.0
6570,15706,29.2,0,Decelle-Villa Marsannay Les Longeroies 2015,0.0
6572,15704,44.0,0,Decelle-Villa Saint-Aubin 1er Cru Sous Roche Dumay 2015,0.0
6573,15473,68.3,1,Marc Colin Et Fils Chassagne-Montrachet 1er Cru Les Champs Gain 2017,68.3
6575,15479,41.8,0,Marc Colin Et Fils Saint-Aubin 1er Cru La Chatenière 2017,0.0
6578,15647,40.0,7,Saumaize-Michelin Pouilly-Fuissé Ampélopsis 2016,280.0
6584,15769,13.5,0,La Préceptorie Côtes du Roussillon Blanc Coume Marie 2018,0.0
6585,15434,19.0,0,La Préceptorie Côtes du Roussillon Blanc Terres Nouvelles 2018,0.0
6592,15764,24.4,0,Domaine de la Monardière Vacqueyras Blanc Galéjade 2018,0.0
6615,16071,32.8,0,Clos du Mont-Olivet Châteauneuf-du-Pape 2018,0.0
6616,15781,15.4,1,Clos du Mont-Olivet Lirac Rouge 2017,15.4
6617,16031,9.9,6,Clos du Mont-Olivet Vins de Pays du Gard Rive Droite 2018,59.4
6618,15539,13.5,0,Clos du Mont-Olivet Vins de Pays du Gard Confluence 2017,0.0
6620,16046,51.0,0,Domaine de La Tour Du Bon Bandol Rouge Saint Ferréol 2005,0.0
6621,15204,35.2,3,Thierry Germain Saumur-Champigny La Marginale 2018,105.6
6622,15205,42.2,0,Thierry Germain Saumur-Champigny Les Mémoires 2018,0.0
6626,15790,33.2,0,Weingut Besson-Strasser Zürich Räuschling 2018,0.0
6627,15791,41.8,1,Weingut Besson-Strasser Zürich Fumé 2017,41.8
6628,15792,32.2,0,Weingut Besson-Strasser Zürich Blauer Zweigelt 2016,0.0
6629,15793,37.7,1,Weingut Besson-Strasser Zürich Pinot Noir Cholfirst 2017,37.7
6631,15795,47.2,0,Weingut Besson-Strasser Zürich Pinot Noir Albi 2016,0.0
6632,15794,52.7,1,Weingut Besson-Strasser Zürich Pinot Noir Chlosterberg 2016,52.7
6635,15763,22.4,1,Domaine de la Monardière Vacqueyras Vieilles Vignes 2016,22.4
6663,16152,50.4,0,Catherine et Claude Maréchal Pommard La Chanière 2017,0.0
6664,15661,35.6,0,Catherine et Claude Maréchal Savigny-Lès-Beaune Rouge 2017,0.0
6665,16068,27.7,1,Domaine Hauvette IGP Alpilles Jaspe 2017,27.7
6666,16067,48.5,0,Domaine Hauvette IGP Alpilles Dolia 2013,0.0
6738,8193,15.4,3,Emile Boeckel Crémant Chardonnay Extra Brut 2016,46.2
6751,16144,46.5,0,Château Simone Palette Blanc 2017,0.0
6753,15256,46.5,0,Château Simone Palette Rouge 2015,0.0
6884,15735,46.5,0,Domino Romano Ribera del Duero RDR 2015,0.0
6886,14897,42.0,0,Gratavinum Priorat GV5 2011,0.0
6887,15736,21.8,0,Gratavinum Priorat 2?r 2017,0.0
6920,15740,50.5,0,Château Jean Faure Saint-Emilion Grand Cru 2015,0.0
6926,15845,49.9,1,Château Jean Faure Saint-Emilion Grand Cru 2016,49.9
6928,15741,19.0,2,Le Cèdre de Jean Faure Saint-Emilion 2016,38.0
6930,16135,8.4,5,Mouthes Le Bihan Côtes de Duras L'Aimé Chai 2015,42.0
7023,15891,27.5,0,Camin Larredya Jurançon Sec La Virada 2018,0.0
7025,15887,69.0,0,Domaine Jamet Côte Rôtie Fructus Voluptas 2018,0.0
7247,13127-1,54.8,0,Clos du Mont-Olivet Châteauneuf-du-Pape 2007,0.0
7338,16230,16.3,0,Domaine Saint-Nicolas Vin de France Blanc Les Clous 2019,0.0
